{"stat.craftItem.immersiveengineering.stone_decoration":95,"stat.useItem.extrautils2.compressednetherrack":25,"stat.leaveGame":11,"stat.pickup.agricraft.crop_sticks":10,"stat.craftItem.furnaceoverhaul.iron_furnace":2,"stat.pickup.tconstruct.faucet":3,"stat.craftItem.thermalfoundation.armor.legs_copper":1,"stat.pickup.exnihilocreatio.item_ore_aluminum":312,"stat.drop.exnihilocreatio.hammer_stone":1,"stat.pickup.xreliquary.mob_ingredient":8,"stat.pickup.harvestcraft.calamarirawitem":20,"stat.pickup.nuclearcraft.dominos":4,"stat.pickup.exnihilocreatio.block_dust":1,"stat.pickup.minecraft.rotten_flesh":33,"stat.craftItem.thermalfoundation.armor.helmet_copper":1,"stat.mineBlock.extrautils2.compressednetherrack":27,"stat.pickup.minecraft.cobblestone_wall":106,"stat.pickup.minecraft.bucket":1,"stat.killEntity.Enderman":2,"stat.useItem.exnihilocreatio.block_sieve":19,"stat.pickup.netherex.wither_bone":3,"stat.killEntity.abyssalcraft.shadowcreature":2,"stat.killEntity.Witch":1,"stat.pickup.exnihilocreatio.item_ore_copper":355,"stat.useItem.exnihilocreatio.item_material":1,"stat.useItem.exnihilocreatio.crook_iron":768,"stat.pickup.tconstruct.seared_glass":20,"stat.pickup.tcomplement.porcelain_melter":1,"stat.craftItem.minecraft.glass_pane":16,"stat.mineBlock.minecraft.hopper":6,"stat.pickup.thermalfoundation.material":33,"stat.craftItem.tp.iron_cobblegen_block":1,"stat.furnaceInteraction":90,"stat.mineBlock.botania.blazeblock":2,"stat.craftItem.minecraft.leather_helmet":1,"stat.mineBlock.natura.nether_heat_sand":17,"stat.useItem.translocators.translocator_part":2,"stat.pickup.tconstruct.smeltery_io":4,"stat.pickup.tp.iron_cobblegen_block":1,"stat.pickup.minecraft.emerald":18,"stat.useItem.minecraft.dye":9,"stat.pickup.minecraft.lever":1,"stat.deaths":1,"stat.useItem.tconstruct.smeltery_io":1,"stat.pickup.actuallyadditions.item_dust":176,"stat.pickup.tconstruct.seared":28,"stat.chestOpened":1019,"stat.pickup.immersiveengineering.material":29,"stat.craftItem.armorplus.workbench":1,"stat.mineBlock.thermalsolars.blocklunarorenether":2,"stat.pickup.extrautils2.compressedcobblestone":3,"stat.useItem.minecraft.clay":4,"stat.craftItem.armorplus.coal_boots":1,"stat.craftItem.minecraft.coal":115,"stat.crouchOneCm":95688,"stat.mineBlock.minecraft.chest":3,"stat.craftItem.minecraft.iron_ingot":65,"stat.craftItem.minecraft.hopper":14,"stat.pickup.furnaceoverhaul.iron_furnace":1,"stat.craftItem.tconstruct.pattern":43,"stat.mineBlock.tconstruct.smeltery_io":4,"stat.craftItem.tconstruct.seared_glass":18,"stat.pickup.immersiveengineering.stone_decoration":97,"stat.pickup.minecraft.dye":1183,"stat.pickup.exnihilocreatio.item_ore_gold":815,"stat.craftItem.furnaceoverhaul.gold_furnace":2,"stat.pickup.minecraft.planks":23,"stat.pickup.exnihilocreatio.item_ore_titanium":6,"stat.pickup.minecraft.wheat_seeds":20,"stat.pickup.chisel.cobblestone":30,"stat.killEntity.netherex:nethermite":1,"stat.pickup.darkutils.material":1,"stat.mineBlock.minecraft.dirt":61,"stat.pickup.exnihilocreatio.item_mesh":21,"stat.craftItem.exnihilocreatio.crook_iron":3,"stat.pickup.tconstruct.pattern":18,"stat.pickup.immersiveengineering.seed":21,"stat.drop.tconstruct.rapier":1,"stat.pickup.abyssalcraft.shadowfragment":7,"stat.useItem.minecraft.cobblestone":811,"stat.craftItem.minecraft.leather_boots":1,"stat.useItem.minecraft.gravel":3,"stat.craftItem.tcomplement.porcelain_melter":1,"stat.craftItem.exnihilocreatio.block_sieve":12,"stat.useItem.tconstruct.pickaxe":1779,"stat.pickup.minecraft.hopper":4,"stat.craftItem.chisel.chisel_iron":3,"stat.pickup.minecraft.apple":59,"stat.craftItem.immersiveengineering.tool":1,"stat.craftItem.minecraft.planks":924,"stat.useItem.minecraft.stonebrick":1,"stat.mineBlock.minecraft.log":580,"stat.mineBlock.exnihilocreatio.block_crucible":5,"stat.killEntity.BabySkeleton":2,"stat.craftItem.magneticraft.crushing_table":1,"stat.pickup.exnihilocreatio.item_seed_acacia":1,"stat.pickup.exnihilocreatio.block_sieve":13,"stat.craftItem.thermalfoundation.armor.boots_copper":1,"stat.drop.botania.manaresource":1,"stat.craftItem.minecraft.cobblestone":842,"stat.pickup.furnaceoverhaul.gold_furnace":2,"stat.mineBlock.tcomplement.porcelain_tank":1,"stat.mineBlock.minecraft.cobblestone":505,"stat.useItem.tconstruct.mattock":64,"stat.pickup.minecraft.flint":485,"stat.pickup.abyssalcraft.corflesh":22,"stat.mineBlock.chisel.cobblestone2":16,"stat.useItem.nuclearcraft.smore":1,"stat.mineBlock.chisel.cobblestone1":207,"stat.pickup.tp.plump_peach":2,"stat.useItem.minecraft.obsidian":12,"stat.useItem.minecraft.stone_slab2":245,"stat.useItem.agricraft.crop_sticks":11,"stat.mineBlock.chisel.cobblestone":31,"stat.craftItem.minecraft.furnace":2,"stat.craftItem.exnihilocreatio.hammer_diamond":1,"stat.pickup.tp.cobblegen_block":4,"stat.pickup.quark.black_ash":2,"stat.mineBlock.minecraft.clay":4,"stat.useItem.exnihilocreatio.hammer_stone":946,"stat.flyOneCm":34227,"stat.pickup.actuallyadditions.item_booklet":1,"stat.useItem.extrautils2.compressedgravel":311,"stat.timeSinceDeath":472892,"stat.useItem.minecraft.wooden_slab":11,"stat.mineBlock.chisel.glowstone1":1,"stat.pickup.exnihilocreatio.item_ore_iridium":3,"stat.craftItem.immersiveengineering.treated_wood":264,"stat.killEntity.Bat":16,"stat.craftItem.minecraft.stonebrick":128,"stat.craftItem.dimensionaledibles.overworld_apple":3,"stat.craftItem.tconstruct.seared":32,"stat.craftItem.thermalfoundation.armor.boots_tin":1,"stat.craftItem.tcomplement.porcelain_tank":2,"stat.killEntity.Creeper":15,"stat.pickup.exnihilocreatio.item_seed_oak":2,"stat.pickup.botania.manaresource":3199,"stat.pickup.minecraft.string":389,"stat.pickup.tcomplement.porcelain_casting":2,"stat.pickup.tombstone.crafting_ingredient":11,"stat.craftItem.tconstruct.tooltables":14,"stat.killEntity.Squid":12,"stat.sprintOneCm":559484,"stat.mineBlock.minecraft.stone_slab":123,"stat.craftItem.thermalfoundation.armor.legs_tin":1,"stat.craftItem.furnaceoverhaul.ore_processing_upgrade":1,"stat.useItem.ceramics.faucet":1,"stat.craftItem.agricraft.clipper":1,"stat.pickup.rockcandy.raw_rock_candy":347,"stat.craftItem.minecraft.leather_chestplate":1,"stat.mineBlock.extrautils2.compressedsand":227,"stat.killEntity.Zombie":9,"stat.craftItem.minecraft.dye":24,"stat.diveOneCm":54250,"stat.craftItem.minecraft.sandstone":28,"stat.pickup.tconstruct.tooltables":7,"stat.mineBlock.furnaceoverhaul.gold_furnace":2,"stat.mineBlock.tp.iron_cobblegen_block":1,"stat.craftItem.exnihilocreatio.item_ore_osmium":60,"stat.pickup.exnihilocreatio.block_crucible":5,"stat.mineBlock.immersiveengineering.stone_device":5,"stat.pickup.minecraft.obsidian":23,"stat.craftItem.exnihilocreatio.block_crucible":3,"stat.useItem.immersiveengineering.stone_decoration":94,"stat.jump":621,"stat.pickup.minecraft.coal":411,"stat.pickup.tconstruct.seared_tank":2,"stat.craftItem.minecraft.lever":1,"stat.pickup.minecraft.gunpowder":77,"stat.pickup.furnaceoverhaul.emerald_furnace":1,"stat.craftItem.minecraft.torch":148,"stat.pickup.minecraft.dirt":59,"stat.useItem.minecraft.sapling":60,"stat.pickup.actuallyadditions.item_flax_seed":1,"stat.pickup.exnihilocreatio.item_seed_spruce":2,"stat.craftItem.agricraft.seed_analyzer":1,"stat.damageTaken":724,"stat.useItem.minecraft.stone_brick_stairs":15,"stat.mineBlock.minecraft.torch":84,"stat.craftItem.minecraft.glowstone":1,"stat.pickup.thermalsolars.itemlunardust":4,"stat.craftItem.extrautils2.compressedsand":6,"stat.craftItem.exnihilocreatio.crook_wood":31,"stat.mineBlock.exnihilocreatio.block_barrel1":1,"stat.mineBlock.exnihilocreatio.block_barrel0":1,"stat.craftItem.minecraft.stone_slab":666,"stat.craftItem.thermalfoundation.armor.helmet_tin":1,"stat.useItem.minecraft.chest":12,"stat.craftItem.tconstruct.smeltery_io":4,"stat.pickup.abyssalcraft.dsword":1,"stat.useItem.tconstruct.faucet":1,"stat.pickup.minecraft.ender_pearl":2,"stat.useItem.minecraft.netherrack":122,"stat.pickup.translocators.translocator_part":4,"stat.mineBlock.minecraft.stonebrick":1,"stat.craftItem.tp.cooked_apple":47,"stat.craftItem.armorplus.coal_helmet":1,"stat.craftItem.tp.apple_juice":4,"stat.mobKills":100,"stat.craftItem.minecraft.shears":1,"stat.craftItem.exnihilocreatio.item_ore_gold":200,"stat.useItem.minecraft.cobblestone_wall":298,"stat.pickup.minecraft.diamond":15,"stat.pickup.minecraft.torch":107,"stat.craftItem.exnihilocreatio.item_ore_silver":79,"stat.pickup.extrautils2.compressednetherrack":27,"stat.mineBlock.tp.cobblegen_block":4,"stat.mineBlock.exnihilocreatio.block_sieve":13,"stat.mineBlock.tconstruct.seared_tank":2,"stat.pickup.exnihilocreatio.item_ore_ardite":3,"stat.pickup.exnihilocreatio.item_ore_zinc":8,"stat.mineBlock.extrautils2.compressedcobblestone":574,"stat.useItem.minecraft.planks":24,"stat.craftItem.exnihilocreatio.block_dust":1818,"stat.pickup.minecraft.glowstone_dust":31,"stat.pickup.minecraft.blaze_powder":35,"stat.craftItem.exnihilocreatio.item_ore_platinum":73,"stat.pickup.abyssalcraft.shadowgem":3,"stat.pickup.minecraft.sand":3,"stat.craftItem.minecraft.golden_apple":16,"stat.craftItem.mekanism.basicblock":8,"stat.killEntity.abyssalcraft.abyssalzombie":18,"stat.pickup.exnihilocreatio.item_pebble":153,"stat.killEntity.abyssalcraft.depthsghoul":7,"stat.pickup.endermanevo.enderman_skull":2,"stat.craftItem.tconstruct.casting":4,"stat.craftItem.minecraft.cobblestone_wall":222,"stat.pickup.chisel.cobblestone1":213,"stat.mineBlock.exnihilocreatio.block_infested_leaves":232,"stat.pickup.chisel.cobblestone2":15,"stat.hopperInspected":55,"stat.pickup.projectred-core.resource_item":14,"stat.pickup.exnihilocreatio.block_barrel0":1,"stat.useItem.tp.cooked_apple":26,"stat.pickup.bhc.red_heart":7,"stat.pickup.actuallyadditions.item_solidified_experience":23,"stat.craftItem.thermalfoundation.armor.plate_tin":1,"stat.pickup.minecraft.furnace":3,"stat.craftItem.tcomplement.porcelain_casting":2,"stat.pickup.extrautils2.compressedsand":261,"stat.pickup.exnihilocreatio.item_ore_iron":3527,"stat.pickup.exnihilocreatio.item_ore_osmium":244,"stat.pickup.minecraft.skull":4,"stat.craftItem.minecraft.netherrack":243,"stat.mineBlock.tconstruct.seared_glass":20,"stat.useItem.tconstruct.seared_glass":20,"stat.pickup.overloaded.compressed_dust":226,"stat.craftItem.minecraft.sand":360,"stat.useItem.betterbuilderswands.wanddiamond":154,"stat.useItem.immersiveengineering.seed":1,"stat.pickup.exnihilocreatio.item_seed_carrot":1,"stat.pickup.minecraft.pumpkin_seeds":9,"stat.pickup.exnihilocreatio.item_ore_nickel":332,"stat.useItem.minecraft.hopper":3,"stat.craftItem.immersiveengineering.material":64,"stat.craftItem.exnihilocreatio.item_ore_lead":70,"stat.playOneMinute":914899,"stat.pickup.nuclearcraft.dust":20,"stat.pickup.natura.overworld_seeds":1,"stat.pickup.minecraft.netherrack":299,"stat.pickup.exnihilocreatio.item_ore_tungsten":14,"stat.pickup.witherskelefix.fragment":1,"stat.pickup.tconstruct.casting":4,"stat.craftItem.tp.cobblegen_block":1,"stat.mineBlock.minecraft.netherrack":500,"stat.craftItem.exnihilocreatio.item_ore_cobalt":1,"stat.craftItem.minecraft.flint":59,"stat.mineBlock.tconstruct.faucet":3,"stat.craftItem.minecraft.iron_nugget":18,"stat.fallOneCm":9530,"stat.pickup.minecraft.melon_seeds":11,"stat.craftItem.tconstruct.toolforge":1,"stat.craftItem.minecraft.chest":42,"stat.mineBlock.minecraft.lever":1,"stat.pickup.exnihilocreatio.crook_wood":2,"stat.mineBlock.minecraft.gravel":3,"stat.craftItem.tconstruct.seared_tank":1,"stat.craftItem.minecraft.leather":27,"stat.mineBlock.furnaceoverhaul.emerald_furnace":1,"stat.useItem.minecraft.torch":236,"stat.mineBlock.exnihilocreatio.block_dust":1,"stat.craftItem.furnaceoverhaul.diamond_furnace":3,"stat.pickup.tp.plump_pear":3,"stat.craftItem.minecraft.crafting_table":10,"stat.craftItem.extrautils2.compressedgravel":6,"stat.craftItem.ceramics.clay_bucket":9,"stat.pickup.botania.blazeblock":1,"stat.pickup.minecraft.log":580,"stat.pickup.lootbags.loot_opener":1,"stat.craftItem.betterbuilderswands.wanddiamond":1,"stat.pickup.minecraft.sapling":559,"stat.useItem.exnihilocreatio.block_barrel0":3,"stat.craftItem.tconstruct.smeltery_controller":2,"stat.useItem.exnihilocreatio.hammer_diamond":265,"stat.mineBlock.tconstruct.toolforge":1,"stat.killEntity.WitherSkeleton":1,"stat.pickup.exnihilocreatio.item_ore_mithril":19,"stat.pickup.exnihilocreatio.item_ore_cobalt":5,"stat.useItem.tp.apple_juice":4,"stat.sneakTime":54649,"stat.mineBlock.minecraft.cobblestone_wall":205,"stat.mineBlock.extrautils2.compressedgravel":326,"stat.pickup.minecraft.stone_slab":75,"stat.pickup.abyssalcraft.corbone":9,"stat.pickup.minecraft.chest":2,"stat.craftItem.minecraft.leather_leggings":1,"stat.mineBlock.ceramics.faucet":2,"stat.craftItem.agricraft.journal":1,"stat.pickup.minecraft.bone":15,"stat.craftItem.ceramics.unfired_clay":240,"stat.craftItem.tconstruct.faucet":2,"stat.craftItem.minecraft.stone_brick_stairs":80,"stat.pickup.exnihilocreatio.item_ore_lead":283,"stat.craftItem.extrautils2.compressedcobblestone":594,"stat.swimOneCm":16132,"stat.useItem.agricraft.clipper":9,"stat.pickup.lootbags.itemlootbag":42,"stat.useItem.minecraft.dirt":82,"stat.craftItem.exnihilocreatio.item_ore_tungsten":3,"stat.useItem.tconstruct.excavator":17,"stat.craftItem.botania.blazeblock":2,"stat.pickup.netherendingores.ore_nether_vanilla":11,"stat.pickup.minecraft.cobblestone":1534,"stat.pickup.exnihilocreatio.item_seed_cactus":1,"stat.pickup.minecraft.clay":84,"stat.useItem.chisel.cobblestone":43,"stat.pickup.appliedenergistics2.material":282,"stat.craftItem.minecraft.wooden_slab":42,"stat.pickup.extrautils2.compressedgravel":637,"stat.pickup.minecraft.redstone":79,"stat.craftItem.minecraft.book":1,"stat.pickup.actuallyadditions.item_rice_seed":2,"stat.craftItem.armorplus.coal_chestplate":1,"stat.pickup.minecraft.stonebrick":1,"stat.craftItem.tconstruct.soil":168,"stat.pickup.tconstruct.smeltery_controller":2,"stat.craftItem.exnihilocreatio.hammer_stone":9,"stat.craftItem.exnihilocreatio.item_ore_zinc":2,"stat.craftItem.minecraft.stone_slab2":22,"stat.craftItem.extrautils2.compressednetherrack":27,"stat.pickup.actuallyadditions.item_misc":3,"stat.mineBlock.tcomplement.porcelain_melter":1,"stat.craftItem.minecraft.stick":256,"stat.useItem.minecraft.stone_slab":184,"stat.pickup.exnihilocreatio.block_netherrack_crushed":124,"stat.craftItem.agricraft.crop_sticks":64,"stat.pickup.exnihilocreatio.item_material":201,"stat.craftItem.exnihilocreatio.block_crucible_wood":2,"stat.craftItem.minecraft.stone":1,"stat.craftItem.minecraft.armor_stand":1,"stat.craftItem.armorplus.coal_leggings":1,"stat.pickup.natura.nether_heat_sand":16,"stat.craftItem.minecraft.clay_ball":416,"stat.entityKilledBy.Creeper":1,"stat.craftItem.exnihilocreatio.item_ore_mithril":4,"stat.mineBlock.minecraft.planks":24,"stat.useItem.extrautils2.compressedsand":215,"stat.drop":3,"stat.killEntity.abyssalcraft.shadowbeast":2,"stat.craftItem.actuallyadditions.item_misc":800,"stat.useItem.tconstruct.seared":33,"stat.mineBlock.furnaceoverhaul.iron_furnace":1,"stat.craftItem.exnihilocreatio.item_ore_copper":86,"stat.pickup.ceramics.faucet":2,"stat.useItem.exnihilocreatio.crook_wood":1664,"stat.craftItem.minecraft.piston":4,"stat.pickup.tconstruct.toolforge":1,"stat.useItem.immersiveengineering.tool":5,"stat.useItem.extrautils2.compressedcobblestone":551,"stat.craftItem.harvestcraft.wovencottonitem":64,"stat.mineBlock.tconstruct.smeltery_controller":2,"stat.useItem.minecraft.apple":5,"stat.useItem.exnihilocreatio.block_dust":1,"stat.pickup.exnihilocreatio.item_ore_tin":304,"stat.pickup.everlastingabilities.ability_bottle":1,"stat.craftItem.bonsaitrees.bonsaipot":2,"stat.pickup.tcomplement.porcelain_tank":1,"stat.craftItem.exnihilocreatio.item_ore_iron":866,"stat.pickup.actuallyadditions.item_coffee_seed":1,"stat.mineBlock.tconstruct.tooltables":8,"stat.pickup.exnihilocreatio.item_ore_platinum":294,"stat.mineBlock.minecraft.furnace":3,"stat.pickup.mysticalagriculture.crafting":20,"stat.pickup.exnihilocreatio.item_ore_silver":323,"stat.mineBlock.lootbags.loot_opener":1,"stat.pickup.tconstruct.materials":1,"stat.damageDealt":18678,"stat.craftItem.minecraft.glass":18,"stat.craftItem.furnaceoverhaul.blank_upgrade":2,"stat.craftItem.minecraft.anvil":1,"stat.pickup.actuallyadditions.item_canola_seed":1,"stat.mineBlock.mysticalagriculture.nether_prosperity_ore":1,"stat.craftItem.minecraft.gravel":2853,"stat.craftItem.translocators.translocator_part":4,"stat.walkOneCm":2039596,"stat.pickup.minecraft.stick":3,"stat.craftItem.furnaceoverhaul.emerald_furnace":2,"stat.craftItem.thermalfoundation.armor.plate_copper":1,"stat.pickup.minecraft.clay_ball":16,"stat.craftItem.exnihilocreatio.item_ore_titanium":1,"stat.craftItem.exnihilocreatio.item_ore_nickel":82,"stat.craftItem.ceramics.faucet":2,"stat.pickup.exnihilocreatio.item_ore_yellorium":1,"stat.craftItem.lootbags.loot_opener":1,"stat.killEntity.Skeleton":8,"stat.craftItem.projectred-core.resource_item":4,"stat.craftItem.exnihilocreatio.item_ore_tin":75,"stat.mineBlock.minecraft.quartz_ore":100,"stat.mineBlock.tcomplement.porcelain_casting":2,"stat.craftItem.exnihilocreatio.block_barrel1":2,"stat.craftItem.exnihilocreatio.block_barrel0":4,"stat.pickup.minecraft.quartz":126,"stat.useItem.minecraft.golden_apple":1,"stat.pickup.agricraft.clipping":9,"stat.mineBlock.minecraft.leaves":3984,"stat.useItem.chisel.cobblestone1":291,"stat.craftItem.furnaceoverhaul.speed_upgrade":1,"stat.mineBlock.tconstruct.seared":28,"stat.useItem.chisel.cobblestone2":429,"stat.mineBlock.tconstruct.casting":6,"stat.craftItem.minecraft.brick":1,"stat.mineBlock.immersiveengineering.stone_decoration":92,"stat.craftItem.exnihilocreatio.item_mesh":31,"stat.craftItem.exnihilocreatio.item_ore_aluminum":77,"stat.mineBlock.netherendingores.ore_nether_vanilla":11,"stat.useItem.tconstruct.hatchet":323}